Workbook

Sheet Resultados
A1: Tipo de Multiplicación | B1: Tamaño de Matriz (N) | C1: Nº de Hilos | D1: Promedio | E1: Desviación Estándar | F1: Mínimo | G1: Máximo | H1: Speedup | I1: Eficiencia (%) | K1: Tipo de Multiplicación | L1: Tamaño de Matriz (N) | M1: Nº de Hilos | N1: Promedio | O1: Desviación Estándar | P1: Mínimo | Q1: Máximo | R1: Speedup | S1: Eficiencia (%)
A2: mmClasicaFork | B2: 100x100 | C2: 1 | D2: 11489.33 | E2: 1633.56 | F2: 5539 | G2: 13253 | H2: 1 | I2: 100 | K2: mmClasicaFork | L2: 100x100 | M2: 1 | N2: 6077.9 | O2: 2129.48 | P2: 3977 | Q2: 10315 | R2: 1 | S2: 100
A3: mmClasicaFork | B3: 100x100 | C3: 2 | D3: 6890.47 | E3: 668.53 | F3: 5557 | G3: 9000 | H3: 1.67 | I3: 83.37 | K3: mmClasicaFork | L3: 100x100 | M3: 2 | N3: 3729.17 | O3: 1675.85 | P3: 2140 | Q3: 7279 | R3: 1.63 | S3: 81.49
A4: mmClasicaFork | B4: 100x100 | C4: 4 | D4: 5403 | E4: 1340.92 | F4: 4191 | G4: 11301 | H4: 2.13 | I4: 53.16 | K4: mmClasicaFork | L4: 100x100 | M4: 4 | N4: 2397 | O4: 1629.86 | P4: 1381 | Q4: 10192 | R4: 2.54 | S4: 63.39
A5: mmClasicaFork | B5: 100x100 | C5: 8 | D5: 6798.13 | E5: 1865.28 | F5: 5349 | G5: 15826 | H5: 1.69 | I5: 21.13 | K5: mmClasicaFork | L5: 100x100 | M5: 8 | N5: 2585.47 | O5: 1026.95 | P5: 1836 | Q5: 6440 | R5: 2.35 | S5: 29.38
A6: mmClasicaFork | B6: 100x100 | C6: 12 | D6: 7458.2 | E6: 1682.13 | F6: 5825 | G6: 15816 | H6: 1.54 | I6: 12.84 | K6: mmClasicaFork | L6: 100x100 | M6: 12 | N6: 2534.6 | O6: 898.13 | P6: 2057 | Q6: 5920 | R6: 2.4 | S6: 19.98
A7: mmClasicaFork | B7: 100x100 | C7: 16 | D7: 8452 | E7: 1195.54 | F7: 7323 | G7: 13669 | H7: 1.36 | I7: 8.5 | K7: mmClasicaFork | L7: 100x100 | M7: 16 | N7: 3095.33 | O7: 987.28 | P7: 2350 | Q7: 7644 | R7: 1.96 | S7: 12.27
A9: mmClasicaOpenMP | B9: 100x100 | C9: 1 | D9: 2067.63 | E9: 358.26 | F9: 781 | G9: 3027 | H9: 1 | I9: 100 | K9: mmClasicaOpenMP | L9: 100x100 | M9: 1 | N9: 1347.53 | O9: 505.45 | P9: 792 | Q9: 2750 | R9: 1 | S9: 100
A10: mmClasicaOpenMP | B10: 100x100 | C10: 2 | D10: 1668.77 | E10: 1004.97 | F10: 1053 | G10: 5744 | H10: 1.24 | I10: 61.95 | K10: mmClasicaOpenMP | L10: 100x100 | M10: 2 | N10: 1381.83 | O10: 986.05 | P10: 603 | Q10: 4734 | R10: 0.98 | S10: 48.76
A11: mmClasicaOpenMP | B11: 100x100 | C11: 4 | D11: 1893.13 | E11: 1639.6 | F11: 956 | G11: 6774 | H11: 1.09 | I11: 27.3 | K11: mmClasicaOpenMP | L11: 100x100 | M11: 4 | N11: 1122.03 | O11: 1610.63 | P11: 370 | Q11: 6525 | R11: 1.2 | S11: 30.02
A12: mmClasicaOpenMP | B12: 100x100 | C12: 8 | D12: 1743.93 | E12: 529.85 | F12: 1389 | G12: 4304 | H12: 1.19 | I12: 14.82 | K12: mmClasicaOpenMP | L12: 100x100 | M12: 8 | N12: 1043.57 | O12: 727.48 | P12: 566 | Q12: 4040 | R12: 1.29 | S12: 16.14
A13: mmClasicaOpenMP | B13: 100x100 | C13: 12 | D13: 2215.17 | E13: 1132.11 | F13: 1355 | G13: 7981 | H13: 0.93 | I13: 7.78 | K13: mmClasicaOpenMP | L13: 100x100 | M13: 12 | N13: 1062.93 | O13: 281.91 | P13: 726 | Q13: 1936 | R13: 1.27 | S13: 10.56
A14: mmClasicaOpenMP | B14: 100x100 | C14: 16 | D14: 2447.33 | E14: 390.71 | F14: 1829 | G14: 3503 | H14: 0.84 | I14: 5.28 | K14: mmClasicaOpenMP | L14: 100x100 | M14: 16 | N14: 1290.73 | O14: 565.18 | P14: 863 | Q14: 4134 | R14: 1.04 | S14: 6.53
... A112: mmFilasOpenMP | B112: 1500x1500 | C112: 16 | D112: 843723.7 | E112: 21516.73 | F112: 813592 | G112: 927969 | H112: 3.89 | I112: 24.29 | K112: mmFilasOpenMP | L112: 1500x1500 | M112: 16 | N112: 1295885.1 | O112: 40773.04 | P112: 1189232 | Q112: 1339712 | R112: 4.04 | S112: 25.27

Sheet N=100(85)
A3: Nº de Hilos | B3: mmClasicaFork | C3: mmClasicaPosix | D3: mmFilasOpenMP | E3: mmClasicaOpenMP
A4: 1 | B4: 100 | C4: 100 | D4: 100 | E4: 100
A5: 2 | B5: 81.49 | C5: 67.97 | D5: 87.54 | E5: 48.76
A6: 4 | B6: 63.39 | C6: 36.42 | D6: 39.58 | E6: 30.02
A7: 8 | B7: 29.38 | C7: 21.43 | D7: 19.51 | E7: 16.14
A8: 12 | B8: 19.98 | C8: 13.11 | D8: 9.87 | E8: 10.56
A9: 16 | B9: 12.27 | C9: 9.39 | D9: 7.6 | E9: 6.53

Sheet N= 100 (260)
A3: Nº de Hilos | B3: mmClasicaFork | C3: mmClasicaPosix | D3: mmFilasOpenMP | E3: mmClasicaOpenMP
A4: 1 | B4: 100 | C4: 100 | D4: 100 | E4: 100
A5: 2 | B5: 83.37 | C5: 78.35 | D5: 55.47 | E5: 61.95
A6: 4 | B6: 53.16 | C6: 41.24 | D6: 20.6 | E6: 27.3
A7: 8 | B7: 21.13 | C7: 24.57 | D7: 11.77 | E7: 14.82
A8: 12 | B8: 12.84 | C8: 17.39 | D8: 6.27 | E8: 7.78
A9: 16 | B9: 8.5 | C9: 11.38 | D9: 4.12 | E9: 5.28

Sheet N=500
A3: Numero de Hilos | B3: mmClasicaFork | C3: mmClasicaPosix | D3: mmFilasOpenMP | E3: mmClasicaOpenMP
A4: 1 | B4: =Resultados!I30 -> 100 | C4: =Resultados!I44 -> 100 | D4: =Resultados!I51 -> 100 | E4: =Resultados!I37 -> 100
A5: 2 | B5: =Resultados!I31 -> 86.7 | C5: =Resultados!I45 -> 87.82 | D5: =Resultados!I52 -> 61.86 | E5: =Resultados!I38 -> 65.52
A6: 4 | B6: =Resultados!I32 -> 76.09 | C6: =Resultados!I46 -> 65.36 | D6: =Resultados!I53 -> 48.32 | E6: =Resultados!I39 -> 51.76
A7: 8 | B7: =Resultados!I33 -> 41.2 | C7: =Resultados!I47 -> 36.71 | D7: =Resultados!I54 -> 26.88 | E7: =Resultados!I40 -> 27.97
A8: 12 | B8: =Resultados!I34 -> 26.65 | C8: =Resultados!I48 -> 25.77 | D8: =Resultados!I55 -> 18.33 | E8: =Resultados!I41 -> 19.21
A9: 16 | B9: =Resultados!I35 -> 20.71 | C9: =Resultados!I49 -> 19.22 | D9: =Resultados!I56 -> 13.83 | E9: =Resultados!I42 -> 14.4
A13: Nº de Hilos | B13: mmClasicaFork | C13: mmClasicaPosix | D13: mmFilasOpenMP | E13: mmClasicaOpenMP
A14: 1 | B14: 100 | C14: 100 | D14: 100 | E14: 100
A15: 2 | B15: 98.28 | C15: 93.51 | D15: 95.34 | E15: 88.51
A16: 4 | B16: 93.93 | C16: 64.22 | D16: 85.47 | E16: 82.64
A17: 8 | B17: 47.03 | C17: 32.55 | D17: 44.21 | E17: 42.41
A18: 12 | B18: 31.16 | C18: 21.7 | D18: 29.91 | E18: 28.46
A19: 16 | B19: 23.91 | C19: 15.28 | D19: 23.8 | E19: 21.56

Sheet N=1000
A3: Nº de Hilos | B3: mmClasicaFork | C3: mmClasicaPosix | D3: mmFilasOpenMP | E3: mmClasicaOpenMP
A4: 1 | B4: =Resultados!I58 -> 100 | C4: =Resultados!I65 -> 100 | D4: =Resultados!I79 -> 100 | E4: =Resultados!I65 -> 100
A5: 2 | B5: =Resultados!I59 -> 95.27 | C5: =Resultados!I66 -> 94.32 | D5: =Resultados!I80 -> 89.28 | E5: =Resultados!I66 -> 94.32
A6: 4 | B6: =Resultados!I60 -> 98.79 | C6: =Resultados!I67 -> 89.25 | D6: =Resultados!I81 -> 79.5 | E6: =Resultados!I67 -> 89.25
A7: 8 | B7: =Resultados!I61 -> 52.19 | C7: =Resultados!I68 -> 46.97 | D7: =Resultados!I82 -> 41.37 | E7: =Resultados!I68 -> 46.97
A8: 12 | B8: =Resultados!I62 -> 33.53 | C8: =Resultados!I69 -> 31.48 | D8: =Resultados!I83 -> 27.83 | E8: =Resultados!I69 -> 31.48
A9: 16 | B9: =Resultados!I63 -> 25.18 | C9: =Resultados!I70 -> 24.14 | D9: =Resultados!I84 -> 20.77 | E9: =Resultados!I70 -> 24.14
B10: =Resultados!I64
A17: Nº de Hilos | B17: mmClasicaFork | C17: mmClasicaPosix | D17: mmFilasOpenMP | E17: mmClasicaOpenMP
A18: 1 | B18: =Resultados!S58 -> 100 | C18: =Resultados!S72 -> 100 | D18: =Resultados!S79 -> 100 | E18: =Resultados!S65 -> 100
A19: 2 | B19: =Resultados!S59 -> 102.69 | C19: =Resultados!S73 -> 89.09 | D19: =Resultados!S80 -> 91.27 | E19: =Resultados!S66 -> 94.61
A20: 4 | B20: =Resultados!S60 -> 113.53 | C20: =Resultados!S74 -> 92.21 | D20: =Resultados!S81 -> 89.56 | E20: =Resultados!S67 -> 96.89
A21: 8 | B21: =Resultados!S61 -> 55.59 | C21: =Resultados!S75 -> 49.57 | D21: =Resultados!S82 -> 45.54 | E21: =Resultados!S68 -> 49.47
A22: 12 | B22: =Resultados!S62 -> 37.79 | C22: =Resultados!S76 -> 30.27 | D22: =Resultados!S83 -> 30.34 | E22: =Resultados!S69 -> 33.01
A23: 16 | B23: =Resultados!S63 -> 28.45 | C23: =Resultados!S77 -> 23.8 | D23: =Resultados!S84 -> 22.68 | E23: =Resultados!S70 -> 25.54

Sheet N=1500
A4: Nº de Hilos | B4: mmClasicaFork | C4: mmClasicaPosix | D4: mmFilasOpenMP | E4: mmClasicaOpenMP
A5: 1 | B5: =Resultados!I86 -> 100 | C5: =Resultados!I100 -> 100 | D5: =Resultados!I107 -> 100 | E5: =Resultados!I93 -> 100
A6: 2 | B6: =Resultados!I87 -> 99.79 | C6: =Resultados!I101 -> 110.02 | D6: =Resultados!I108 -> 95.99 | E6: =Resultados!I94 -> 91.13
A7: 4 | B7: =Resultados!I88 -> 107.11 | C7: =Resultados!I102 -> 119.28 | D7: =Resultados!I109 -> 92.61 | E7: =Resultados!I95 -> 100.16
A8: 8 | B8: =Resultados!I89 -> 60.29 | C8: =Resultados!I103 -> 63.99 | D8: =Resultados!I110 -> 47.72 | E8: =Resultados!I96 -> 50.98
A9: 12 | B9: =Resultados!I90 -> 40.17 | C9: =Resultados!I104 -> 44.53 | D9: =Resultados!I111 -> 31.95 | E9: =Resultados!I97 -> 33.92
A10: 16 | B10: =Resultados!I91 -> 30.99 | C10: =Resultados!I105 -> 33.2 | D10: =Resultados!I112 -> 24.29 | E10: =Resultados!I98 -> 26.08
A22: Nº de Hilos | B22: mmClasicaFork | C22: mmClasicaPosix | D22: mmFilasOpenMP | E22: mmClasicaOpenMP
A23: 1 | B23: =Resultados!S86 -> 100 | C23: =Resultados!S100 -> 100 | D23: =Resultados!S107 -> 100 | E23: =Resultados!S93 -> 100
A24: 2 | B24: =Resultados!S87 -> 103.04 | C24: =Resultados!S101 -> 107.32 | D24: =Resultados!S108 -> 97.72 | E24: =Resultados!S94 -> 102.76
A25: 4 | B25: =Resultados!S88 -> 107.85 | C25: =Resultados!S102 -> 119.4 | D25: =Resultados!S109 -> 96.37 | E25: =Resultados!S95 -> 112.57
A26: 8 | B26: =Resultados!S89 -> 66.65 | C26: =Resultados!S103 -> 77.41 | D26: =Resultados!S110 -> 49.99 | E26: =Resultados!S96 -> 64.26
A27: 12 | B27: =Resultados!S90 -> 45.55 | C27: =Resultados!S104 -> 53.89 | D27: =Resultados!S111 -> 33.29 | E27: =Resultados!S97 -> 43.83
A28: 16 | B28: =Resultados!S91 -> 33.45 | C28: =Resultados!S105 -> 40.51 | D28: =Resultados!S112 -> 25.27 | E28: =Resultados!S98 -> 33.58
